name,ampgram,length,ampep,ampscan,mean,weighted_mean
C05,0.5959619047619051,516,0.9375,0.0023000000510364,0.5119206349376472,0.32788214287415507
C06,0.2722436507936506,505,0.8875,0.9947999715805054,0.718181207458052,0.5682859032252477
C14,0.4173182539682539,453,0.96875,0.9995999932289124,0.7952227490657221,0.6215920612350342
C15,0.2331730158730159,449,0.90625,0.0604000017046928,0.39994100585923625,0.25061408786981826
